time,cpu_consumption,memory_consumption,energy_consumption,try
1.71568E+12,0,220.4672,0,1
1.71568E+12,5.559126,744.431616,3.969112604,1
1.71568E+12,26.391754,852.066304,21.66049726,1
1.71568E+12,34.193836,861.986816,24.03133269,1
1.71568E+12,31.76182,829.640704,21.33080466,1
1.71568E+12,34.757393,835.796992,24.18052463,1
1.71568E+12,33.63059,837.042176,23.14059959,1
1.71568E+12,34.151814,839.74144,23.59876687,1
1.71568E+12,34.498234,841.310208,23.86073549,1
1.71568E+12,33.50832,842.862592,23.12778616,1
1.71568E+12,34.76787,844.402688,24.268365,1
1.71568E+12,33.459103,845.29152,23.0172364,1
1.71568E+12,34.80964,846.159872,24.32918942,1
1.71568E+12,33.610786,847.355904,23.03273721,1
1.71568E+12,34.79678,847.753216,24.16729288,1
1.71568E+12,33.4039,848.060416,22.96367316,1
1.71568E+12,35.009968,848.859136,24.31388804,1
1.71568E+12,33.184345,849.494016,22.61291391,1
1.71568E+12,34.622513,849.494016,23.86335645,1
1.71568E+12,33.705097,851.705856,23.11029728,1
1.71568E+12,34.64991,852.135936,23.99267112,1
1.71568E+12,33.488525,845.008896,22.75993075,1
1.71568E+12,34.71669,845.275136,23.9108356,1
1.71568E+12,33.13719,847.822848,22.56552925,1
1.71568E+12,34.814053,848.203776,23.89409512,1
1.71568E+12,33.393444,848.883712,22.79930681,1
1.71568E+12,34.58825,849.051648,23.9373658,1
1.71568E+12,33.279755,850.612224,22.6687994,1
1.71568E+12,34.86521,851.156992,24.07260404,1
1.71568E+12,33.333336,851.329024,22.80793441,1
1.71568E+12,34.950146,852.04992,24.25435193,1
1.71568E+12,33.7162,852.291584,23.17597495,1
1.71568E+12,34.05433,852.291584,23.47914802,1
1.71568E+12,34.193344,852.3776,23.64531533,1
1.71568E+12,33.450188,852.3776,22.95848848,1
1.71568E+12,34.95836,852.549632,24.32978262,1
1.71568E+12,33.544872,852.66432,23.0573484,1
1.71568E+12,35.31236,852.967424,24.62806123,1
1.71568E+12,33.433407,854.327296,23.0961973,1
1.71568E+12,34.877594,855.621632,24.20579975,1
1.71568E+12,33.4227,855.678976,22.96693902,1
1.71568E+12,35.161644,855.678976,24.37752101,1
1.71568E+12,33.337612,855.719936,22.77265383,1
1.71568E+12,34.85832,857.68192,24.12255968,1
1.71568E+12,33.96583,857.72288,23.170322,1
1.71568E+12,34.62201,857.993216,23.95366193,1
1.71568E+12,33.16346,858.112,22.61055902,1
1.71568E+12,34.699364,858.435584,24.07685513,1
1.71568E+12,33.297062,859.32032,22.75656864,1
1.71568E+12,34.7662,859.32032,24.0579069,1
1.71568E+12,33.458065,859.631616,23.13593713,1
1.71568E+12,34.24465,859.631616,23.96444979,1
1.71568E+12,33.102573,859.8528,22.72387126,1
1.71568E+12,34.976192,859.8528,24.2093949,1
1.71568E+12,33.54618,860.004352,22.92698928,1
1.71568E+12,34.994846,860.004352,24.24164676,1
1.71568E+12,33.563484,860.049408,23.04683027,1
1.71568E+12,33.86643,860.049408,23.37949444,1
1.71568E+12,34.423286,860.286976,23.86370064,1
1.71568E+12,33.549713,860.594176,23.10034968,1
1.71568E+12,34.591637,860.594176,24.20673821,1
1.71568E+12,33.47512,860.647424,23.11968908,1
1.71568E+12,34.88119,860.647424,24.32337426,1
1.71568E+12,33.337605,860.69248,22.85279755,1
1.71568E+12,34.9907,861.679616,24.33158752,1
1.71568E+12,33.54463,861.720576,23.10939079,1
1.71568E+12,34.950775,861.720576,24.29519008,1
1.71568E+12,33.352524,862.089216,22.83311845,1
1.71568E+12,34.930447,862.089216,24.20966905,1
1.71568E+12,33.506374,863.96928,22.94476241,1
1.71568E+12,33.506374,863.96928,22.94476241,2
1.71568E+12,34.72045,865.54624,23.98943895,2
1.71568E+12,17.856243,867.40992,10.58395135,2
1.71568E+12,28.978941,1062.244352,18.85356598,2
1.71568E+12,34.23781,924.954624,23.48536121,2
1.71568E+12,32.061607,1024.167936,21.71957611,2
1.71568E+12,34.188904,1026.433024,23.57523726,2
1.71568E+12,33.69851,1027.170304,23.13244106,2
1.71568E+12,33.853363,1027.387392,23.34166293,2
1.71568E+12,34.27293,1028.038656,23.75015079,2
1.71568E+12,33.448986,1028.13696,,2
1.71568E+12,35.149532,1029.169152,24.57940398,2
1.71568E+12,33.575283,1029.414912,23.046728,2
1.71568E+12,34.764168,1029.861376,24.16653373,2
1.71568E+12,32.874454,1029.947392,22.42333437,2
1.71568E+12,34.498596,1029.947392,23.95304668,2
1.71568E+12,33.138336,1030.258688,22.65901935,2
1.71568E+12,34.507267,1030.258688,23.83012299,2
1.71568E+12,32.92567,1030.303744,22.53196096,2
1.71568E+12,34.87937,1030.303744,23.98705416,2
1.71568E+12,33.19864,1030.88128,22.60799955,2
1.71568E+12,34.557594,1030.88128,23.72982777,2
1.71568E+12,33.217884,1031.00416,22.68095864,2
1.71568E+12,34.298256,1031.00416,23.61388412,2
1.71568E+12,33.36543,1031.168,22.65828661,2
1.71568E+12,34.4757,1031.168,23.79160119,2
1.71568E+12,33.29695,1031.20896,22.6524071,2
1.71568E+12,34.695057,1031.467008,23.88457054,2
1.71568E+12,33.085598,1020.379136,22.59555373,2
1.71568E+12,34.911053,1020.645376,24.02758404,2
1.71568E+12,33.206253,1022.164992,22.73426035,2
1.71568E+12,34.693096,1022.58688,24.01167192,2
1.71568E+12,33.20345,1023.65184,22.81608185,2
1.71568E+12,33.99046,1023.65184,23.48150435,2
1.71568E+12,34.248528,1024.3072,23.55481695,2
1.71568E+12,33.30571,1024.3072,22.86246005,2
1.71568E+12,34.566082,1024.36864,24.02307649,2
1.71568E+12,33.118004,1024.651264,22.6791683,2
1.71568E+12,34.543945,1025.376256,23.97855044,2
1.71568E+12,33.137493,1025.49504,22.67106862,2
1.71568E+12,34.705883,1025.49504,24.04838207,2
1.71568E+12,33.271484,1025.581056,22.84890277,2
1.71568E+12,34.836094,1025.581056,24.09763003,2
1.71568E+12,33.354736,1025.695744,22.78306205,2
1.71568E+12,33.354736,1025.695744,22.78306205,3
1.71568E+12,34.92545,1026.392064,24.12935628,3
1.71568E+12,22.102938,926.84288,13.67608837,3
1.71568E+12,24.663021,1160.912896,15.46927721,3
1.71568E+12,34.60013,1162.788864,23.7285302,3
1.71568E+12,31.31158,1123.270656,20.97580792,3
1.71568E+12,34.812157,1124.59776,23.97347455,3
1.71568E+12,33.463234,1125.94944,22.96520173,3
1.71568E+12,35.10433,1126.756352,24.35906216,3
1.71568E+12,33.574585,1126.846464,23.15162668,3
1.71568E+12,34.647636,1127.702528,24.06310537,3
1.71568E+12,33.91371,1127.878656,23.31230804,3
1.71568E+12,34.215965,1128.394752,23.62111001,3
1.71568E+12,34.65727,1128.48896,23.99282428,3
1.71568E+12,33.53463,1128.57088,23.00923897,3
1.71568E+12,34.4357,1128.57088,23.79814172,3
1.71568E+12,33.33546,1128.820736,22.78559008,3
1.71568E+12,34.595943,1130.123264,23.94034824,3
1.71568E+12,33.56129,1130.463232,22.9414942,3
1.71568E+12,34.820854,1130.729472,23.9349944,3
1.71568E+12,33.17132,1130.770432,22.68122968,3
1.71568E+12,34.592445,1131.040768,23.87323901,3
1.71568E+12,33.054367,1131.86816,22.48209799,3
1.71568E+12,34.406258,1131.86816,23.66713118,3
1.71568E+12,33.063023,1132.126208,22.4524612,3
1.71568E+12,34.414253,1132.126208,23.7304667,3
1.71568E+12,33.496677,1132.167168,22.77272651,3
1.71568E+12,33.496677,1132.167168,22.77272651,4
1.71568E+12,34.535454,1132.167168,23.82379861,4
1.71568E+12,17.508865,1062.66624,10.33934515,4
1.71568E+12,29.354282,1258.72128,19.16579962,4
1.71568E+12,33.720264,1261.236224,23.10296237,4
1.71568E+12,32.02233,1219.50208,21.71421248,4
1.71568E+12,34.420986,1221.578752,23.72012115,4
1.71568E+12,33.7037,1222.012928,23.22743942,4
1.71568E+12,34.066074,1222.71744,23.51342992,4
1.71568E+12,34.795456,1223.401472,24.18517978,4
1.71568E+12,33.62883,1223.778304,23.02760799,4
1.71568E+12,35.149723,1223.778304,24.4364235,4
1.71568E+12,33.469807,1223.86432,23.00004482,4
1.71568E+12,34.890446,1224.68352,24.18654299,4
1.71568E+12,33.260937,1224.790016,22.86964336,4
1.71568E+12,34.985554,1225.0112,24.27710058,4
1.71568E+12,33.348274,1226.027008,22.76795664,4
1.71568E+12,34.806133,1226.027008,23.92033827,4
1.71568E+12,33.337597,1226.4448,22.79152315,4
1.71568E+12,34.56679,1226.4448,23.89250996,4
1.71568E+12,33.500546,1226.48576,22.84177175,4
1.71568E+12,34.64769,1226.48576,23.85905197,4
1.71568E+12,33.166603,1226.52672,22.57663939,4
1.71568E+12,34.518578,1226.52672,23.77692989,4
1.71568E+12,33.01515,1226.56768,22.52274358,4
1.71568E+12,34.821716,1226.56768,23.94617976,4
1.71568E+12,33.120243,1226.723328,22.56209581,4
1.71568E+12,34.633175,1226.723328,23.92487671,4
1.71568E+12,33.502407,1226.768384,22.98573984,4
1.71568E+12,34.407784,1227.03872,23.85141703,4
1.71568E+12,33.223286,1227.083776,22.73538344,4
1.71568E+12,34.928413,1227.624448,24.2329462,4
1.71568E+12,33.57542,1227.685888,22.97604326,4
1.71568E+12,33.918728,1227.685888,23.34790478,4
1.71568E+12,33.91802,1227.726848,23.55884976,4
1.71568E+12,33.684074,1227.780096,23.12305839,4
1.71568E+12,35.3278,1227.780096,24.71938433,4
1.71568E+12,33.24649,1227.821056,,4
1.71568E+12,35.19607,1227.821056,24.50836881,5
1.71568E+12,27.018217,1083.973632,17.5045071,5
1.71568E+12,19.62942,1352.76544,11.7266473,5
1.71568E+12,34.66197,1354.924032,23.87717966,5
1.71568E+12,31.4251,1314.074624,21.17363615,5
1.71568E+12,34.684193,1316.339712,24.02521722,5
1.71568E+12,33.501694,1317.961728,22.96537286,5
1.71568E+12,35.132874,1317.961728,24.49561788,5
1.71568E+12,33.265747,1318.268928,22.8719143,5
1.71568E+12,35.039066,1318.268928,24.37615986,5
1.71568E+12,33.31849,1319.510016,22.89708375,5
1.71568E+12,35.23079,1319.510016,24.60195497,5
1.71568E+12,33.46507,1319.600128,23.00600062,5
1.71568E+12,34.349632,1319.866368,23.78993873,5
1.71568E+12,33.969395,1320.005632,23.44790936,5
1.71568E+12,33.612747,1320.005632,23.01964992,5
1.71568E+12,34.59867,1320.091648,23.88410748,5
1.71568E+12,33.367615,1320.419328,22.80035242,5
1.71568E+12,34.729,1320.419328,23.97441055,5
1.71568E+12,33.172737,1321.005056,22.58988229,5
1.71568E+12,34.99289,1321.275392,24.08016893,5
1.71568E+12,32.927605,1321.332736,22.4783102,5
1.71568E+12,34.588207,1322.340352,23.75404659,6
1.71568E+12,24.433933,1186.041856,15.39316293,6
1.71568E+12,21.752075,1449.18528,13.22813756,6
1.71568E+12,35.10638,1451.02848,24.06415682,6
1.71568E+12,31.3528,1409.55648,21.06846608,6
1.71568E+12,35.09407,1411.719168,24.21983089,6
1.71568E+12,33.659668,1413.234688,22.94895562,6
1.71568E+12,35.129,1413.505024,24.36356942,6
1.71568E+12,33.4167,1414.156288,22.96418876,6
1.71568E+12,34.877735,1415.303168,24.27724046,6
1.71568E+12,33.695934,1416.228864,23.03799149,6
1.71568E+12,34.931683,1416.728576,24.17124919,6
1.71568E+12,33.732933,1417.1136,23.20808522,6
1.71568E+12,33.63821,1417.1136,23.21190607,6
1.71568E+12,34.201054,1417.48224,23.62595104,6
1.71568E+12,33.67795,1417.527296,23.05292241,6
1.71568E+12,34.882076,1417.719808,24.16183683,6
1.71568E+12,33.198692,1417.773056,22.67775948,6
1.71568E+12,34.571064,1418.469376,23.78377573,6
1.71568E+12,33.316196,1418.719232,22.7389664,6
1.71568E+12,34.708366,1419.501568,24.09147244,6
1.71568E+12,33.20762,1409.769472,22.66646553,6
1.71568E+12,34.633617,1411.54304,23.85834609,6
1.71568E+12,33.451157,1412.476928,22.82035295,6
1.71568E+12,33.451157,1412.476928,22.82035295,7
1.71568E+12,34.4397,1412.612096,23.76098262,7
1.71568E+12,21.564657,1313.841152,13.1974887,7
1.71568E+12,25.060627,1544.409088,15.74623399,7
1.71568E+12,34.558727,1485.98784,23.78506028,7
1.71568E+12,31.741121,1510.649856,21.32098919,7
1.71568E+12,34.93292,1510.920192,24.09327479,7
1.71568E+12,33.106018,1511.686144,22.72752771,7
1.71568E+12,34.9632,1511.952384,24.27530647,7
1.71568E+12,33.24644,1512.05888,22.93332544,7
1.71568E+12,34.48741,1512.05888,24.05382316,7
1.71568E+12,33.925274,1512.36608,23.57930533,7
1.71568E+12,33.829597,1512.36608,23.20442118,7
1.71568E+12,35.074867,1512.493056,24.32643619,7
1.71568E+12,33.07282,1501.85984,22.65986426,7
1.71568E+12,35.086815,1506.54976,24.32507895,7
1.71568E+12,33.069508,1506.93888,22.60399888,7
1.71568E+12,34.637978,1507.209216,23.8670605,7
1.71568E+12,33.35896,1508.84352,22.68791653,7
1.71568E+12,34.67034,1509.076992,23.98370001,7
1.71568E+12,33.108887,1509.122048,22.56380827,7
1.71568E+12,34.367588,1509.122048,23.62892686,7
1.71568E+12,33.1497,1509.453824,22.51265023,7
1.71568E+12,34.690723,1510.4,23.83364126,7
1.71568E+12,32.871662,1510.72768,22.31507347,7
1.71568E+12,34.864864,1510.72768,23.97218749,7
1.71568E+12,33.408417,1511.48544,22.90636034,7
1.71568E+12,34.417328,1511.48544,23.69707882,7
1.71568E+12,33.131687,1511.5264,22.70491561,7
1.71568E+12,34.3068,1511.5264,23.66343871,7
1.71568E+12,33.1385,1511.58784,22.6585897,7
1.71568E+12,34.811344,1511.58784,23.99614252,7
1.71568E+12,33.491714,1511.804928,22.96594046,7
1.71568E+12,35.18351,1511.804928,24.27617002,7
1.71568E+12,33.57317,1511.845888,23.06748131,7
1.71568E+12,35.267975,1511.845888,24.5211754,7
1.71568E+12,33.51934,1512.153088,23.03666654,7
1.71568E+12,33.51934,1512.153088,23.03666654,8
1.71568E+12,34.43118,1512.419328,23.83729265,8
1.71568E+12,12.648969,1634.05824,7.051738068,8
1.71568E+12,34.424866,1641.443328,23.60338233,8
1.71568E+12,31.51492,1597.898752,21.20492689,8
1.71568E+12,34.59477,1602.179072,23.79622775,8
1.71568E+12,33.60624,1604.554752,23.01336281,8
1.71568E+12,35.184227,1604.89472,24.48279095,8
1.71568E+12,32.91467,1606.651904,22.65742366,8
1.71568E+12,34.858276,1607.053312,24.26421141,8
1.71568E+12,33.833473,1607.172096,23.36678647,8
1.71568E+12,35.014362,1607.172096,24.48305546,8
1.71568E+12,33.767323,1607.286784,23.35592401,8
1.71568E+12,35.16788,1607.286784,24.53537087,8
1.71568E+12,33.29492,1607.643136,,8
1.71568E+12,34.97303,1607.643136,24.34377848,8
1.71568E+12,33.35466,1607.688192,22.86651833,8
1.71568E+12,34.800972,1607.688192,24.15946604,8
1.71568E+12,33.311954,1607.729152,22.8185376,8
1.71568E+12,34.891045,1607.999488,24.19049472,8
1.71568E+12,33.365433,1608.077312,22.79295476,8
1.71568E+12,34.502964,1608.077312,23.72253844,8
1.71568E+12,33.56845,1608.118272,22.98301556,8
1.71568E+12,33.591053,1608.118272,23.07501377,8
1.71568E+12,33.863243,1608.159232,23.18091578,8
1.71568E+12,33.490383,1608.966144,22.84499265,8
1.71568E+12,34.519707,1608.966144,23.85268205,8
1.71568E+12,32.845284,1609.007104,22.48146668,8
1.71568E+12,34.392715,1609.007104,23.83492049,8
1.71568E+12,33.434513,1609.40032,22.79657582,8
1.71568E+12,34.853275,1609.66656,24.12553998,8
1.71568E+12,33.356895,1609.70752,22.91732864,8
1.71568E+12,34.92543,1610.244096,24.31407383,9
1.71568E+12,24.00639,1471.356928,15.0968423,9
1.71568E+12,22.112316,1732.591616,13.520805,9
1.71568E+12,34.77925,1734.483968,23.98578945,9
1.71568E+12,31.67374,1694.650368,21.30019702,9
1.71568E+12,34.542786,1697.75104,23.9058001,9
1.71568E+12,33.369648,1699.815424,22.86440661,9
1.71568E+12,35.05281,1700.081664,24.33004091,9
1.71568E+12,33.318497,1700.257792,22.89997871,9
1.71568E+12,34.97666,1700.524032,24.36098743,9
1.71568E+12,33.14024,1701.568512,22.82180503,9
1.71568E+12,34.556477,1701.834752,23.98071125,9
1.71568E+12,33.581417,1701.92896,23.14763151,9
1.71568E+12,34.051422,1701.92896,23.58337003,9
1.71568E+12,34.65648,1702.014976,24.0308742,9
1.71568E+12,33.39087,1702.055936,22.98034376,9
1.71568E+12,34.994846,1702.055936,24.37404311,9
1.71568E+12,33.628605,1702.363136,23.03989276,9
1.71568E+12,34.732727,1702.363136,24.17880657,9
1.71568E+12,33.26715,1702.412288,22.69221624,9
1.71568E+12,34.377007,1702.412288,23.64201757,9
1.71568E+12,33.18584,1702.453248,22.66339108,9
1.71568E+12,34.63931,1702.8096,23.92116477,9
1.71568E+12,33.36134,1702.85056,22.7851674,9
1.71568E+12,34.472588,1702.85056,23.84868179,9
1.71568E+12,33.637012,1702.89152,23.04644148,9
1.71568E+12,34.82965,1702.89152,24.00627731,9
1.71568E+12,33.057533,1702.93248,22.57300833,9
1.71568E+12,34.69742,1702.93248,24.17880602,9
1.71568E+12,33.72506,1702.97344,23.16538151,9
1.71568E+12,33.72506,1702.97344,23.16538151,10
1.71568E+12,34.92287,1702.97344,24.3617877,10
1.71568E+12,16.40784,1634.803712,9.588905052,10
1.71568E+12,29.61828,1826.004992,19.43599098,10
1.71568E+12,33.798,1687.957504,23.18499832,10
1.71568E+12,32.506077,1789.149184,22.0905967,10
1.71568E+12,34.3786,1791.819776,23.67463077,10
1.71568E+12,33.604218,1793.286144,23.31517807,10
1.71568E+12,34.142876,1793.552384,23.55344673,10
1.71568E+12,34.823498,1794.199552,24.15728989,10
1.71568E+12,33.73455,1794.891776,23.19393042,10
1.71568E+12,34.70953,1794.891776,24.11653435,10
1.71568E+12,33.895676,1795.15392,23.38619194,10
1.71568E+12,34.908016,1795.15392,24.30751812,10
1.71568E+12,33.365284,1795.239936,22.94983379,10
1.71568E+12,35.15378,1795.510272,24.46998547,10
1.71568E+12,33.367294,1795.555328,22.9297574,10
1.71568E+12,34.97363,1796.796416,24.2991822,10
1.71568E+12,33.606136,1796.845568,23.04188438,10
1.71568E+12,34.834064,1796.845568,24.12674257,10
1.71568E+12,33.14275,1797.152768,22.59070609,10
1.71568E+12,34.40461,1797.152768,23.75547436,10
1.71568E+12,33.047264,1797.197824,22.59381036,10
1.71568E+12,34.56236,1783.267328,23.79214408,10
1.71568E+12,32.850883,1787.428864,22.43072779,10
1.71568E+12,34.61489,1787.6992,23.78407579,10
1.71568E+12,33.165253,1788.014592,22.61891194,10
1.71568E+12,33.165253,1788.014592,22.61891194,11
1.71568E+12,34.47704,1788.014592,23.77826619,11
1.71568E+12,13.518437,1822.978048,7.653473329,11
1.71568E+12,32.325108,1864.92928,21.69266725,11
1.71568E+12,32.177177,1887.6416,21.80161407,11
1.71568E+12,34.075268,1889.193984,23.43378928,11
1.71568E+12,33.91113,1889.46432,23.33268286,11
1.71568E+12,34.78094,1889.906688,24.09690025,11
1.71568E+12,33.553646,1890.11968,23.101025,11
1.71568E+12,34.959766,1890.11968,24.39097663,11
1.71568E+12,33.784134,1890.480128,23.2972107,11
1.71568E+12,35.286526,1890.480128,24.59887224,11
1.71568E+12,33.682037,1891.069952,23.1526256,11
1.71568E+12,34.83326,1875.214336,24.22974471,11
1.71568E+12,33.855515,1879.801856,23.14833869,11
1.71568E+12,34.92186,1880.072192,24.26350595,11
1.71568E+12,33.576313,1880.932352,23.03981048,11
1.71568E+12,34.657158,1880.932352,23.98825752,11
1.71568E+12,33.59441,1881.034752,23.00850331,11
1.71568E+12,34.396126,1881.034752,23.5618112,11
1.71568E+12,33.245552,1881.096192,22.65812335,11
1.71568E+12,34.54499,1881.096192,23.84298529,11
1.71568E+12,33.17775,1881.178112,,11
1.71568E+12,34.616123,1881.178112,23.89164149,11
1.71568E+12,32.913887,1881.219072,22.45295617,11
1.71568E+12,34.754772,1881.219072,24.00419215,11
1.71568E+12,33.314144,1881.243648,22.788478,11
1.71568E+12,35.012238,1881.616384,24.20189305,11
1.71568E+12,33.311966,1881.624576,22.80022818,11
1.71568E+12,34.91676,1881.624576,24.17769739,11
1.71568E+12,33.495457,1881.669632,22.98147233,11
1.71568E+12,34.65353,1881.669632,23.89915324,11
1.71568E+12,34.57474,1881.714688,23.91874557,11
1.71568E+12,33.656456,1881.714688,23.12844192,11
1.71568E+12,34.997757,1881.755648,24.42225795,11
1.71568E+12,33.089165,1881.796608,22.71901157,11
1.71568E+12,34.991356,1881.796608,24.41643942,11
1.71568E+12,33.53854,1881.837568,23.11293585,11
1.71568E+12,34.773716,1882.427392,24.11220524,11
1.71568E+12,33.807922,1882.468352,23.11324862,11
1.71568E+12,34.87015,1882.718208,24.22473084,11
1.71568E+12,33.303577,1882.763264,22.87960531,11
1.71568E+12,34.67814,1882.763264,24.05155786,11
1.71568E+12,33.1586,1883.070464,22.71992611,11
1.71568E+12,34.933178,1883.242496,24.07409024,11
1.71568E+12,33.235275,1883.283456,22.76228135,11
1.71568E+12,34.741364,1883.283456,24.02363377,11
1.71568E+12,33.592735,1883.328512,23.02713441,11
1.71568E+12,34.702377,1883.328512,24.11542567,11
1.71568E+12,33.64776,1883.369472,23.09571005,11
1.71568E+12,35.05447,1883.283456,24.31583743,11
1.71568E+12,33.363155,1883.262976,22.94544204,11
1.71568E+12,34.549507,1883.086848,23.99552858,11
1.71568E+12,33.4656,1883.398144,23.03964835,11
1.71568E+12,34.523132,1883.398144,24.05265329,11
1.71568E+12,33.427094,1884.20096,22.9793244,11
1.71568E+12,34.49615,1884.041216,23.80756516,11
1.71568E+12,34.405766,1884.082176,23.72316756,11
1.71568E+12,33.41876,1883.83232,22.99065206,11
1.71568E+12,34.857105,1883.889664,24.25357872,11
1.71568E+12,33.571384,1883.930624,23.07968793,11
1.71568E+12,35.11721,1883.8528,24.50456677,11
1.71568E+12,33.66177,1884.16,23.01164065,11
1.71568E+12,34.621006,1884.3648,24.10101208,12
1.71568E+12,25.780905,1747.529728,16.52973208,12
1.71568E+12,19.942822,2015.854592,11.99409826,12
1.71568E+12,34.527622,2018.18112,23.75233407,12
1.71568E+12,31.463974,1981.72672,21.20329236,12
1.71568E+12,34.87117,1983.619072,24.12633211,12
1.71568E+12,33.661583,1985.716224,23.13182812,12
1.71568E+12,34.610504,1986.482176,23.99094828,12
1.71568E+12,33.57711,1986.99008,23.12373355,12
1.71568E+12,35.157703,1986.99008,24.48275656,12
1.71568E+12,33.852116,1987.534848,23.28187953,12
1.71568E+12,35.14988,1988.194304,24.4882595,12
1.71568E+12,33.73044,1988.419584,23.21665153,12
1.71568E+12,34.4929,1988.694016,23.97471948,12
1.71568E+12,33.111618,1988.89472,22.81610708,12
1.71568E+12,33.82599,1988.931584,23.38368042,12
1.71568E+12,33.771095,1989.009408,23.21063164,12
1.71568E+12,33.870758,1989.050368,23.28330136,12
1.71568E+12,34.617104,1989.050368,24.08599668,12
1.71568E+12,33.22882,1989.09952,22.7519125,12
1.71568E+12,34.491554,1989.09952,23.78287139,12
1.71568E+12,33.06107,1989.14048,22.56771812,12
1.71568E+12,34.38275,1989.451776,23.6866918,12
1.71568E+12,33.2117,1989.492736,22.71321325,12
1.71568E+12,34.480103,1976.999936,23.73411309,12
1.71568E+12,33.110218,1980.53888,22.60888527,12
1.71568E+12,34.76166,1980.53888,23.97262172,12
1.71568E+12,33.16138,1981.29664,22.67237966,12
1.71568E+12,34.839333,1981.29664,24.11434889,12
1.71568E+12,33.42492,1981.669376,22.93410582,12
1.71568E+12,35.000645,1981.669376,24.17880515,12
1.71568E+12,33.49524,1981.612032,23.06440239,12
1.71568E+12,33.49524,1981.612032,23.06440239,13
1.71568E+12,35.19327,1981.636608,24.5546687,13
1.71568E+12,16.90931,1912.819712,9.966937426,13
1.71568E+12,28.732248,2114.240512,18.6743567,13
1.71568E+12,34.652832,2117.197824,23.95784289,13
1.71568E+12,32.019894,2119.651328,21.56967111,13
1.71568E+12,34.82091,2119.921664,24.15494902,13
1.71568E+12,33.084938,2120.138752,22.79185981,13
1.71568E+12,34.59491,2067.533824,23.86850089,13
1.71568E+12,34.730152,2070.155264,24.06061701,13
1.71568E+12,33.40343,2071.154688,22.95984191,13
1.71568E+12,35.244736,2071.154688,24.65822863,13
1.71568E+12,33.06288,2071.28576,22.75243778,13
1.71568E+12,34.87209,2071.28576,24.25291396,13
1.71568E+12,33.540493,2071.42912,23.12730494,13
1.71568E+12,35.232162,2071.691264,24.56631443,13
1.71568E+12,33.39756,2072.403968,22.90397192,13
1.71568E+12,34.620823,2072.645632,24.03863326,13
1.71568E+12,33.433754,2074.56256,22.96520628,13
1.71568E+12,35.112484,2074.56256,24.40951452,13
1.71568E+12,33.454166,2074.877952,22.95495164,13
1.71568E+12,34.68022,2075.029504,23.99453782,13
1.71568E+12,32.713238,2075.336704,22.38869883,13
1.71568E+12,34.75582,2075.336704,24.08848533,13
1.71568E+12,33.24777,2075.38176,,13
1.71568E+12,33.24777,2075.38176,,14
1.71568E+12,34.70883,2075.38176,23.89702756,14
1.71568E+12,15.712123,2011.250688,9.091046104,14
1.71568E+12,29.694962,2203.820032,19.56037703,14
1.71568E+12,33.647736,2204.868608,23.01747446,14
1.71568E+12,32.740055,2165.305344,22.23682114,14
1.71568E+12,34.562893,2168.008704,23.78316211,14
1.71568E+12,33.561687,2168.877056,23.1379056,14
1.71568E+12,34.116737,2169.147392,23.52144409,14
1.71568E+12,34.757706,2169.307136,24.19920763,14
1.71568E+12,33.322727,2169.397248,22.9696491,14
1.71568E+12,35.357372,2169.524224,24.73956788,14
1.71568E+12,33.637886,2170.167296,23.18828852,14
1.71568E+12,34.680607,2170.167296,24.07017783,14
1.71568E+12,33.278008,2170.253312,22.86937954,14
1.71568E+12,34.876404,2170.253312,24.35803197,14
1.71568E+12,33.293,2170.171392,22.84123479,14
1.71568E+12,34.7361,2170.187776,24.05055747,14
1.71568E+12,33.320576,2170.34752,22.82211198,14
1.71568E+12,34.676796,2170.34752,24.004444,14
1.71568E+12,33.2947,2170.396672,22.86942767,14
1.71568E+12,34.898422,2170.396672,24.11538873,14
1.71568E+12,33.022545,2170.441728,22.47931643,14
1.71568E+12,34.04554,2170.441728,23.49667777,14
1.71568E+12,32.891212,2170.748928,22.39825951,14
1.71568E+12,34.510105,2171.219968,23.89751481,14
1.71568E+12,33.30556,2171.826176,22.77892051,14
1.71568E+12,34.601345,2171.826176,23.95116973,14
1.71568E+12,33.22036,2171.871232,22.73401073,14
1.71568E+12,34.605305,2172.06784,23.85639357,14
1.71568E+12,33.757298,2172.1088,23.13270697,14
1.71568E+12,34.58123,2172.833792,23.83460662,14
1.71568E+12,33.76472,2171.252736,23.23114735,14
1.71568E+12,34.637196,2171.252736,23.96453072,14
1.71568E+12,33.924454,2171.969536,23.38764664,14
1.71568E+12,33.928116,2171.969536,23.46702935,14
1.71568E+12,34.748264,2172.018688,24.08779635,14
1.71568E+12,33.446682,2172.059648,22.94496801,14
1.71568E+12,34.908974,2172.059648,24.3787125,14
1.71568E+12,33.182888,2172.100608,22.84645657,14
1.71568E+12,35.03205,2171.682816,24.4748188,14
1.71568E+12,33.403645,2171.723776,22.89539912,14
1.71568E+12,34.634518,2171.723776,24.15459404,14
1.71568E+12,33.444622,2171.772928,22.99534821,14
1.71568E+12,34.46955,2172.14976,23.9656603,14
1.71568E+12,33.496964,2172.780544,22.80743361,14
1.71568E+12,33.496964,2172.780544,22.80743361,15
1.71568E+12,34.74963,2172.780544,24.00163058,15
1.71568E+12,20.574072,2067.959808,12.53318925,15
1.71568E+12,24.457106,2297.294848,15.39936545,15
1.71568E+12,34.84224,2298.646528,24.13873376,15
1.71568E+12,31.606752,2258.399232,21.35974213,15
1.71568E+12,34.62323,2259.759104,23.98179029,15
1.71568E+12,33.250698,2262.130688,22.8289421,15
1.71568E+12,34.935673,2262.851584,24.33875357,15
1.71568E+12,33.720932,2263.314432,23.21463341,15
1.71568E+12,34.621033,2263.846912,24.11219076,15
1.71568E+12,33.944954,2264.072192,23.48076198,15
1.71568E+12,33.965183,2264.805376,23.52086325,15
1.71568E+12,34.83559,2265.141248,24.19396197,15
1.71568E+12,33.271614,2265.4976,22.86338813,15
1.71568E+12,34.841717,2265.759744,24.32567344,15
1.71568E+12,33.17873,2265.8048,22.84287445,15
1.71568E+12,34.65094,2265.534464,24.15553476,15
1.71568E+12,33.389015,2265.575424,22.88747476,15
1.71568E+12,34.686653,2265.571328,24.06834678,15
1.71568E+12,32.87898,2265.890816,22.52956429,15
1.71568E+12,34.743027,2265.890816,23.94591582,15
1.71568E+12,33.226097,2265.931776,22.66368896,15
1.71568E+12,34.22729,2265.710592,23.67532736,15
1.71568E+12,33.082035,2265.759744,22.54669114,15
1.71568E+12,34.605762,2265.677824,23.86974029,15
1.71568E+12,33.164963,2265.72288,22.59461788,15
1.71568E+12,34.438957,2247.835648,23.60881539,15
1.71568E+12,33.73939,2254.262272,23.10538466,15
1.71568E+12,34.6363,2254.802944,23.85687324,15
1.71568E+12,33.533127,2256.314368,22.94767338,15
1.71568E+12,35.167034,2256.314368,24.28353937,15
1.71568E+12,33.837013,2256.384,23.22701305,15
1.71568E+12,34.63396,2256.355328,24.13464436,15
1.71568E+12,33.746708,2256.408576,23.20496394,15
1.71568E+12,34.926327,2256.408576,24.48554598,15
1.71568E+12,33.533623,2256.326656,23.06463967,15
1.71568E+12,34.417328,2256.326656,23.72049981,15
1.71568E+12,34.44624,2257.453056,23.94807939,15
1.71568E+12,33.557346,2257.321984,23.09608121,15
1.71568E+12,34.4922,2257.63328,23.93390437,15
1.71568E+12,33.134098,2257.678336,22.76363364,15
1.71568E+12,34.94964,2257.678336,24.21011602,15
1.71568E+12,33.318417,2257.395712,22.88417903,15
1.71568E+12,35.117702,2257.395712,24.34953609,15
1.71568E+12,33.632607,2257.317888,22.99351328,15
1.71568E+12,34.824505,2257.313792,24.11659854,15
1.71568E+12,33.248116,2257.375232,22.78900913,15
1.71568E+12,34.8516,2257.604608,24.14196446,15
1.71568E+12,33.2714,2257.661952,22.80290065,15
1.71568E+12,33.2714,2257.661952,22.80290065,16
1.71568E+12,34.797493,2257.75616,,16
1.71568E+12,20.247305,2159.86176,12.28570908,16
1.71568E+12,24.835402,2383.683584,15.60558135,16
1.71568E+12,34.58076,2384.080896,23.94541646,16
1.71568E+12,31.264338,2345.324544,20.94664344,16
1.71568E+12,34.623493,2346.06592,24.02163347,16
1.71568E+12,33.523895,2348.404736,22.98189707,16
1.71568E+12,34.860455,2348.675072,24.12661627,16
1.71568E+12,33.684685,2349.129728,23.20586034,16
1.71568E+12,34.95008,2349.129728,24.3062354,16
1.71568E+12,33.905716,2349.502464,23.47798758,16
1.71568E+12,33.894817,2350.235648,23.37572823,16
1.71568E+12,34.606754,2350.329856,23.97159795,16
1.71568E+12,33.470016,2350.411776,23.00561281,16
1.71568E+12,34.733337,2350.411776,24.17753265,16
1.71568E+12,33.143913,2350.452736,22.6810235,16
1.71568E+12,34.68322,2350.424064,24.07308604,16
1.71568E+12,33.451843,2350.473216,22.84562458,16
1.71568E+12,34.380386,2350.477312,23.85517281,16
1.71568E+12,33.222057,2350.608384,22.63179634,16
1.71568E+12,34.33878,2350.608384,23.63999291,16
1.71568E+12,33.046825,2350.911488,22.51408999,16
1.71568E+12,34.81919,2350.911488,24.02658719,17
1.71568E+12,22.0096,2221.264896,13.59872141,17
1.71568E+12,22.890114,2468.94592,14.12728841,17
1.71568E+12,34.541264,2470.37952,23.67698855,17
1.71568E+12,31.447065,2430.406656,21.08449158,17
1.71568E+12,34.677933,2431.696896,23.98159964,17
1.71568E+12,33.623413,2434.052096,23.1309994,17
1.71568E+12,35.16129,2434.957312,24.43809388,17
1.71568E+12,33.490837,2434.039808,23.06821631,17
1.71568E+12,35.023724,2434.039808,24.4167679,17
1.71568E+12,33.801003,2434.174976,23.26954709,17
1.71568E+12,34.440796,2434.174976,23.96875781,17
1.71568E+12,33.872326,2434.277376,23.21826914,17
1.71568E+12,33.757595,2434.277376,23.38452412,17
1.71568E+12,34.104527,2434.617344,23.50187395,17
1.71568E+12,33.041702,2433.241088,22.65071206,17
1.71568E+12,34.661022,2433.241088,24.00606175,17
1.71568E+12,32.982033,2432.98304,22.65771587,17
1.71568E+12,34.512596,2432.47104,23.92500964,17
1.71568E+12,33.296963,2432.6144,22.74389762,17
1.71568E+12,34.325233,2432.466944,23.69187751,17
1.71568E+12,33.298996,2432.507904,22.74792439,17
1.71568E+12,34.696648,2431.053824,23.92481108,17
1.71568E+12,32.864956,2431.361024,22.46493361,17
1.71568E+12,34.618343,2431.967232,23.88168676,17
1.71568E+12,33.5934,2432.008192,22.91103677,17
1.71568E+12,34.712715,2432.004096,23.99972282,17
1.71568E+12,33.556614,2432.053248,23.00435245,17
1.71568E+12,34.747498,2432.24576,24.05494271,17
1.71568E+12,33.11569,2432.454656,22.78642231,17
1.71568E+12,34.884464,2432.372736,24.17632946,17
1.71568E+12,33.263374,2431.909888,22.90407784,17
1.71568E+12,34.983646,2431.909888,24.42285109,17
1.71568E+12,33.03007,2431.926272,22.72011568,17
1.71568E+12,34.965126,2432.1024,24.42199823,17
1.71568E+12,33.435917,2432.106496,23.01842068,17
1.71568E+12,34.78456,2432.106496,24.24906997,17
1.71568E+12,33.504856,2432.147456,22.9959156,17
1.71568E+12,34.87117,2432.147456,24.27020637,17
1.71568E+12,33.429153,2432.188416,22.94227557,17
1.71568E+12,34.079,2432.188416,23.57700206,17
1.71568E+12,33.899277,2432.208896,23.19968158,17
1.71568E+12,33.58026,2431.717376,23.09850338,17
1.71568E+12,34.628452,2415.734784,23.93730757,17
1.71568E+12,33.455315,2422.996992,22.91764729,17
1.71568E+12,34.794926,2423.537664,24.12669396,17
1.71568E+12,33.07197,2423.82848,22.65647721,17
1.71568E+12,34.643955,2423.238656,23.97844223,17
1.71568E+12,34.643955,2423.238656,23.97844223,18
1.71568E+12,27.829079,2424.508416,18.14307127,18
1.71568E+12,17.066868,2554.159104,9.955131141,18
1.71568E+12,34.835453,2556.534784,23.92466517,18
1.71568E+12,31.318787,2560.434176,21.14166423,18
1.71568E+12,34.470207,2560.385024,23.85674768,18
1.71568E+12,33.180107,2560.581632,22.64954872,18
1.71568E+12,34.839455,2560.548864,24.06176518,18
1.71568E+12,33.484596,2560.700416,22.94948975,18
1.71568E+12,35.181732,2560.700416,24.5363951,18
1.71568E+12,33.343933,2560.585728,22.96490303,18
1.71568E+12,35.260487,2561.343488,24.70638228,18
1.71568E+12,33.42932,2511.286272,23.03732903,18
1.71568E+12,34.89188,2512.216064,24.29290797,18
1.71568E+12,33.480232,2513.682432,23.03767816,18
1.71568E+12,35.07726,2513.948672,24.3797414,18
1.71568E+12,33.297188,2514.395136,22.89646657,18
1.71568E+12,34.438694,2514.395136,23.84788572,18
1.71568E+12,33.78813,2514.509824,23.20601154,18
1.71568E+12,33.74928,2515.042304,23.2289298,18
1.71568E+12,34.25464,2515.3536,23.60016321,18
1.71568E+12,33.216496,2515.402752,22.68476084,18
1.71568E+12,35.01131,2515.402752,24.29854872,18
1.71568E+12,33.67069,2515.447808,22.97821229,18
1.71568E+12,34.564663,2515.447808,23.91848233,18
1.71568E+12,33.1968,2515.488768,22.69586854,18
1.71568E+12,34.586803,2515.488768,23.93667859,18
1.71568E+12,33.30764,2516.164608,,18
1.71568E+12,34.569485,2516.164608,23.79505681,18
1.71568E+12,33.50809,2516.217856,22.80880272,18
1.71568E+12,34.49353,2516.39808,23.71989553,18
1.71568E+12,33.025005,2516.709376,22.59743619,18
1.71568E+12,34.467567,2516.709376,23.70647958,18
1.71568E+12,33.53278,2516.750336,22.90883155,18
1.71568E+12,34.808826,2517.839872,24.01688308,18
1.71568E+12,33.10858,2517.884928,22.66344949,18
1.71568E+12,34.810535,2517.884928,24.07600644,18
1.71568E+12,33.54967,2517.929984,22.94501332,18
1.71568E+12,34.95689,2517.929984,24.18746614,18
1.71568E+12,33.35248,2517.970944,23.04140499,18
1.71568E+12,33.35248,2517.970944,23.04140499,19
1.71568E+12,35.03205,2517.970944,24.4506649,19
1.71568E+12,14.752444,2453.499904,8.45806903,19
1.71568E+12,29.9923,2634.928128,19.68509552,19
1.71568E+12,33.594402,2492.919808,22.96904179,19
1.71568E+12,32.854843,2595.176448,22.36253399,19
1.71568E+12,34.376,2598.408192,23.70058989,19
1.71568E+12,34.00554,2599.010304,23.38891277,19
1.71568E+12,33.84193,2597.126144,23.32777292,19
1.71568E+12,34.80894,2597.548032,24.28483668,19
1.71568E+12,33.316338,2597.978112,22.96485821,19
1.71568E+12,35.04655,2597.978112,24.50507889,19
1.71568E+12,33.767155,2598.047744,23.27051478,19
1.71568E+12,35.18578,2598.060032,24.5455854,19
1.71568E+12,33.758865,2599.44448,23.21919264,19
1.71568E+12,34.845585,2599.542784,24.28925536,19
1.71568E+12,33.418663,2600.77568,23.04294815,19
1.71568E+12,34.912075,2601.435136,24.20900479,19
1.71568E+12,33.441994,2601.476096,22.91976134,19
1.71568E+12,34.926258,2601.746432,24.14955055,19
1.71568E+12,33.476643,2601.791488,23.08786322,19
1.71568E+12,34.72044,2601.791488,24.08116314,19
1.71568E+12,33.27755,2601.832448,22.77733106,19
1.71568E+12,34.826702,2601.832448,24.03424147,19
1.71568E+12,33.109577,2601.873408,22.59672422,19
1.71568E+12,34.708878,2601.873408,23.98418773,19
1.71568E+12,33.393433,2601.914368,22.79432939,19
1.71568E+12,34.707394,2601.730048,24.04888738,19
1.71568E+12,33.31196,2601.771008,22.77431325,19
1.71568E+12,34.72249,2601.771008,23.94376341,19
1.71568E+12,33.260815,2601.811968,22.77075219,19
1.71568E+12,34.89855,2602.299392,24.17274808,19
1.71568E+12,32.934055,2602.340352,22.56836737,19
1.71568E+12,32.934055,2602.340352,22.56836737,20
1.71568E+12,34.733807,2602.340352,23.98549545,20
1.71568E+12,10.568747,2701.508608,5.784902674,20
1.71568E+12,34.485416,2711.601152,23.64576272,20
1.71568E+12,31.423088,2658.082816,21.11365051,20
1.71568E+12,34.733463,2669.81376,23.96820216,20
1.71568E+12,33.662407,2672.717824,22.9709858,20
1.71568E+12,34.821312,2672.717824,24.06088759,20
1.71568E+12,33.380424,2673.430528,23.05154912,20
1.71568E+12,35.30774,2673.700864,24.61892673,20
1.71568E+12,33.533432,2674.356224,23.08376572,20
1.71568E+12,35.113277,2674.622464,24.45951649,20
1.71568E+12,33.683395,2674.753536,23.11032208,20
1.71568E+12,34.840904,2674.753536,24.32094371,20
1.71568E+12,33.599228,2675.044352,23.0386183,20
1.71568E+12,34.8204,2674.56512,24.2072763,20
1.71568E+12,33.818485,2674.60608,23.24257781,20
1.71568E+12,35.02923,2674.60608,24.31412673,20
1.71568E+12,33.154533,2673.963008,22.71659972,20
1.71568E+12,34.882973,2673.508352,24.15349321,20
1.71568E+12,33.586998,2673.549312,23.0003873,20
1.71568E+12,35.015163,2673.528832,24.23551006,20
1.71568E+12,33.163105,2673.508352,22.63289989,20
1.71568E+12,34.44409,2673.446912,23.80603026,20
1.71568E+12,33.258427,2673.430528,22.60941136,20
1.71568E+12,34.607002,2672.799744,23.94636159,20
1.71568E+12,33.303543,2672.840704,22.79434597,20
1.71568E+12,34.033184,2671.742976,23.4136929,20
1.71568E+12,33.873756,2669.13792,23.3204523,20
1.71568E+12,33.873756,2669.13792,23.3204523,21
1.71568E+12,33.71421,2658.951168,22.99647445,21
1.71568E+12,11.31708,2782.69952,6.242130442,21
1.71568E+12,34.40798,2784.74752,23.55552168,21
1.71568E+12,31.304682,2739.224576,21.03987318,21
1.71568E+12,34.690086,2743.549952,23.88648582,21
1.71568E+12,33.6836,2746.302464,23.09387962,21
1.71568E+12,34.938908,2746.5728,24.07572378,21
1.71568E+12,33.227467,2746.974208,22.71693874,21
1.71568E+12,34.737717,2746.4704,24.0788339,21
1.71568E+12,33.1106,2747.109376,22.77247273,21
1.71568E+12,34.96248,2747.109376,24.33296667,21
1.71568E+12,33.525898,2747.564032,23.21412163,21
1.71568E+12,34.930805,2747.564032,24.40119796,21
1.71568E+12,33.002403,2747.633664,22.69801438,21
1.71568E+12,34.972324,2747.633664,24.2926746,21
1.71568E+12,33.607822,2733.006848,22.99324709,21
1.71568E+12,34.50928,2735.169536,23.9320236,21
1.71568E+12,33.47879,2738.798592,22.90882041,21
1.71568E+12,34.982605,2738.798592,24.20130686,21
1.71568E+12,33.68128,2739.953664,22.9424412,21
1.71568E+12,34.806877,2740.75648,24.06684172,21
1.71568E+12,29.764112,2740.883456,19.67289135,21
1.71568E+12,34.678604,2740.809728,23.88506511,21
1.71568E+12,33.875145,2741.747712,,21
1.71568E+12,35.13357,2741.960704,24.44682134,21
1.71568E+12,33.871696,2742.071296,23.41929232,21
1.71568E+12,34.00318,2742.071296,23.64500413,21
1.71568E+12,34.220947,2741.940224,23.77267027,21
1.71568E+12,33.45084,2742.132736,23.02832662,21
1.71568E+12,34.857033,2743.074816,24.33175967,21
1.71568E+12,33.649956,2742.648832,23.24900007,21
1.71568E+12,34.82412,2742.358016,24.20902796,21
1.71568E+12,33.455647,2743.144448,22.98970591,21
1.71568E+12,34.802635,2742.64064,24.13505744,21
1.71568E+12,33.125763,2742.464512,22.71907064,21
1.71568E+12,34.72249,2741.030912,24.03877282,21
1.71568E+12,33.339752,2741.12512,22.77687254,21
1.71568E+12,34.650925,2741.12512,23.81352158,21
1.71568E+12,33.26278,2740.457472,22.68258003,21
1.71568E+12,34.2392,2740.40832,23.61621196,21
1.71568E+12,33.112667,2740.461568,22.66209213,21
1.71568E+12,34.335503,2741.456896,23.67066718,21
1.71568E+12,33.460247,2740.16256,22.81536365,21
1.71568E+12,34.83016,2740.16256,23.96772694,21
1.71568E+12,32.891045,2739.67104,22.57136359,21
1.71568E+12,33.36956,2718.830592,23.7604867,21
1.71568E+12,33.275684,2719.105024,22.73198296,21
1.71568E+12,33.275684,2719.105024,22.73198296,22
1.71568E+12,34.667526,2719.105024,23.90412534,22
1.71568E+12,15.510101,2647.998464,8.960580884,22
1.71568E+12,28.752792,2853.138432,18.73779713,22
1.71568E+12,34.544052,2857.472,23.75413419,22
1.71568E+12,31.57659,2816.008192,21.30150923,22
1.71568E+12,34.612682,2818.404352,23.93022176,22
1.71568E+12,33.429264,2818.82624,22.97016397,22
1.71568E+12,34.330082,2818.82624,23.67442033,22
1.71568E+12,34.460808,2819.330048,23.95817603,22
1.71568E+12,33.269756,2819.330048,22.8781745,22
1.71568E+12,35.252865,2820.34176,24.66415325,22
1.71568E+12,33.68421,2821.513216,23.17540125,22
1.71568E+12,34.93999,2821.513216,24.44828807,22
1.71568E+12,33.386826,2821.640192,22.96163737,22
1.71568E+12,34.83493,2821.640192,24.21304602,22
1.71568E+12,33.169518,2822.49216,22.7574912,22
1.71568E+12,34.71659,2822.762496,24.11075256,22
1.71568E+12,33.205276,2822.807552,22.71421648,22
1.71568E+12,34.522358,2822.807552,23.88930219,22
1.71568E+12,33.37417,2823.274496,22.8803343,22
1.71568E+12,34.617596,2823.274496,23.9092673,22
1.71568E+12,33.25854,2823.315456,22.73228236,22
1.71568E+12,34.500675,2823.315456,23.81293115,22
1.71568E+12,33.219925,2823.892992,22.66372838,22
1.71568E+12,34.350605,2824.339456,23.69826461,22
1.71568E+12,33.419422,2824.380416,22.74101579,22
1.71568E+12,34.6813,2824.556544,23.89092871,22
1.71568E+12,33.232723,2824.597504,22.75220605,22
1.71568E+12,34.633144,2824.597504,23.848253,22
1.71568E+12,33.15447,2824.638464,22.66071256,22
1.71568E+12,34.42707,2825.64608,23.74046654,22
1.71568E+12,33.78256,2825.68704,23.13674593,22
1.71568E+12,34.68892,2825.68704,24.14806002,22
1.71568E+12,33.34824,2826.334208,22.90594923,22
1.71568E+12,33.34824,2826.334208,22.90594923,23
1.71568E+12,34.22724,2827.153408,23.74304075,23
1.71568E+12,10.830439,2940.694528,5.884895032,23
1.71568E+12,34.313477,2945.511424,23.50045667,23
1.71568E+12,31.660732,2898.137088,21.26918825,23
1.71568E+12,34.62276,2903.617536,24.03360717,23
1.71568E+12,32.982635,2906.959872,22.66516611,23
1.71568E+12,34.84412,2908.127232,24.18913656,23
1.71568E+12,33.54085,2908.11904,23.03783947,23
1.71568E+12,34.997116,2908.659712,24.47124137,23
1.71568E+12,33.68929,2908.811264,23.20479524,23
1.71568E+12,34.44924,2909.0816,23.97395861,23
1.71568E+12,32.918037,2910.060544,22.66064594,23
1.71568E+12,34.713478,2910.060544,24.34988029,23
1.71568E+12,33.312008,2910.158848,22.8144255,23
1.71568E+12,34.842472,2910.158848,24.13207595,23
1.71568E+12,33.284184,2910.457856,22.75182701,23
1.71568E+12,34.739677,2910.445568,23.99509575,23
1.71568E+12,33.161545,2910.49472,22.59125199,23
1.71568E+12,34.37001,2910.49472,23.75044946,23
1.71568E+12,32.829468,2910.601216,22.32307618,23
1.71568E+12,34.107883,2910.703616,23.5219063,23
1.71569E+12,33.333336,2911.240192,22.7510524,23
1.71569E+12,34.49092,2891.845632,23.72503392,23
1.71569E+12,33.222614,2901.082112,22.72730472,23
1.71569E+12,34.299053,2901.856256,23.56823357,23
1.71569E+12,33.81555,2902.58944,23.18297279,23
1.71569E+12,33.81555,2902.58944,23.18297279,24
1.71569E+12,33.977776,2902.58944,23.30568891,24
1.71569E+12,10.747251,3024.2816,5.871430939,24
1.71569E+12,34.652824,2974.511104,23.73269544,24
1.71569E+12,31.28627,2993.954816,21.06376232,24
1.71569E+12,34.735764,2992.889856,23.96567468,24
1.71569E+12,33.64299,2993.4592,23.04389729,24
1.71569E+12,35.138615,2993.88928,24.44501815,24
1.71569E+12,33.534084,2994.204672,22.97346509,24
1.71569E+12,34.959297,2994.204672,24.36813688,24
1.71569E+12,33.789013,2994.016256,23.228683,24
1.71569E+12,35.04048,2994.372608,24.42463584,24
1.71569E+12,33.409992,2973.958144,22.98723798,24
1.71569E+12,35.20474,2978.254848,,24
1.71569E+12,33.544914,2982.940672,23.03913384,24
1.71569E+12,35.217445,2983.19872,24.4449497,24
1.71569E+12,33.316315,2985.848832,22.82133174,24
1.71569E+12,34.968056,2986.110976,24.26828421,24
1.71569E+12,33.52456,2986.151936,22.92890457,24
1.71569E+12,34.698578,2986.151936,24.04946809,24
1.71569E+12,33.260605,2985.742336,22.74562618,24
1.71569E+12,34.656254,2984.783872,23.93539749,24
1.71569E+12,33.059326,2984.865792,22.5265746,24
1.71569E+12,34.540676,2985.75872,23.82201627,24
1.71569E+12,33.03577,2985.652224,22.51641865,24
1.71569E+12,34.34389,2985.537536,23.69749542,24
1.71569E+12,33.48867,2985.619456,22.93398818,24
1.71569E+12,33.81986,2985.885696,23.26365088,24
1.71569E+12,34.140717,2985.017344,23.49027421,24
1.71569E+12,33.65696,2985.017344,23.02217213,24
1.71569E+12,34.89795,2985.79968,24.24610157,24
1.71569E+12,33.356785,2986.102784,22.9019689,24
1.71569E+12,34.97043,2985.955328,24.38852019,24
1.71569E+12,33.687737,2985.807872,23.12805173,24
1.71569E+12,34.939682,2985.807872,24.21723027,24
1.71569E+12,33.27562,2985.730048,22.89235842,24
1.71569E+12,35.13236,2985.30816,24.41617377,24
1.71569E+12,33.433445,2985.353216,23.09487996,24
1.71569E+12,35.04559,2985.295872,24.47167871,24
1.71569E+12,33.276157,2985.340928,22.89382258,24
1.71569E+12,34.760723,2984.800256,24.31141233,24
1.71569E+12,33.32057,2984.841216,22.84315364,24
1.71569E+12,34.967194,2984.841216,24.35614869,24
1.71569E+12,33.116634,2985.00096,22.7641188,24
1.71569E+12,34.846733,2984.423424,24.14407929,24
1.71569E+12,33.24808,2984.456192,22.75176138,24
1.71569E+12,35.010384,2984.448,24.18266905,24
1.71569E+12,33.4923,2984.48896,22.97987391,24
1.71569E+12,33.4923,2984.48896,22.97987391,25
1.71569E+12,34.77315,2983.153664,24.18259381,25
1.71569E+12,11.064311,3029.078016,6.080443242,25
1.71569E+12,33.098274,3108.00384,22.36427056,25
1.71569E+12,32.065807,3021.459456,21.71579203,25
1.71569E+12,34.12179,3067.539456,23.52633364,25
1.71569E+12,33.275852,3070.23872,22.74634135,25
1.71569E+12,34.991642,3070.52544,24.35760641,25
1.71569E+12,32.824284,3070.865408,22.52616782,25
1.71569E+12,34.979717,3069.68576,24.38606476,25
1.71569E+12,33.690254,3070.152704,23.23299134,25
1.71569E+12,34.97208,3070.152704,24.39261539,25
1.71569E+12,33.697407,3068.563456,23.14893028,25
1.71569E+12,34.887867,3068.563456,24.28600276,25
1.71569E+12,33.764137,3068.649472,23.22954074,25
1.71569E+12,35.003525,3068.403712,24.35874427,25
1.71569E+12,33.592693,3068.04736,23.10519926,25
1.71569E+12,35.176235,3067.252736,24.58672929,25
1.71569E+12,32.88297,3067.293696,22.54913619,25
1.71569E+12,34.974827,3065.925632,24.21660471,25
1.71569E+12,33.2544,3065.278464,22.78097913,25
1.71569E+12,34.608738,3064.188928,23.90490352,25
1.71569E+12,32.777176,3064.229888,22.44980756,25
1.71569E+12,34.591846,3063.504896,23.86126993,25
1.71569E+12,32.822826,3060.154368,22.51082191,25
1.71569E+12,34.60059,3056.439296,23.8962143,25
1.71569E+12,33.050793,3051.290624,22.55911006,25
1.71569E+12,34.471294,3049.689088,23.72496282,25
1.71569E+12,33.28387,3050.000384,22.73112696,25
1.71569E+12,34.36104,3050.000384,23.72307004,25
1.71569E+12,33.55009,3050.041344,22.94632592,25
1.71569E+12,34.228447,3047.784448,23.68707073,25
1.71569E+12,34.342392,3047.796736,23.66223294,25
1.71569E+12,33.454407,3047.776256,22.94101317,25
1.71569E+12,34.820282,3047.800832,24.32825516,25
1.71569E+12,33.538265,3047.8336,23.06103828,25
1.71569E+12,35.037807,3045.51936,24.48813702,25
1.71569E+12,33.649956,3045.277696,23.21748756,25
1.71569E+12,35.082073,3018.223616,24.53938188,25
1.71569E+12,33.32061,3035.521024,23.0275284,25
1.71569E+12,34.66069,3030.319104,24.19248699,25
1.71569E+12,33.62302,3031.072768,23.10198343,25
1.71569E+12,34.890266,3031.343104,24.26367029,26
1.71569E+12,21.680426,2899.509248,13.25993586,26
1.71569E+12,22.53682,3152.592896,13.87441991,26
1.71569E+12,34.53159,3154.874368,23.8076673,26
1.71569E+12,31.592756,3151.306752,21.32437437,26
1.71569E+12,34.633865,3150.987264,23.9862414,26
1.71569E+12,33.550888,3151.413248,23.03944616,26
1.71569E+12,35.338737,3151.577088,24.63858619,26
1.71569E+12,33.119194,3151.896576,22.84553327,26
1.71569E+12,34.883125,3151.896576,24.31241057,26
1.71569E+12,33.67611,3152.22016,23.18745742,26
1.71569E+12,34.446655,3150.651392,23.92560922,26
1.71569E+12,33.18205,3094.962176,22.87013948,26
1.71569E+12,34.078068,3099.836416,23.48412991,26
1.71569E+12,34.53463,3100.741632,23.92470366,26
1.71569E+12,33.534473,3101.663232,23.0358764,26
1.71569E+12,34.601196,3101.933568,24.05167423,26
1.71569E+12,33.593143,3102.18752,22.9833746,26
1.71569E+12,34.878193,3102.457856,24.1567508,26
1.71569E+12,33.3547,3102.601216,,26
1.71569E+12,34.56277,3103.072256,23.83736724,26
1.71569E+12,33.001404,3102.80192,22.60936009,26
1.71569E+12,34.662655,3102.80192,23.92428779,26
1.71569E+12,33.3205,3102.949376,22.61577651,26
1.71569E+12,34.625225,3102.949376,23.91492552,26
1.71569E+12,33.483494,3103.260672,22.7853009,26
1.71569E+12,34.35901,3103.260672,23.64795097,26
1.71569E+12,33.445053,3103.301632,22.76807341,26
1.71569E+12,34.86375,3103.301632,23.80932364,26
1.71569E+12,33.40839,3103.4368,22.79729471,26
1.71569E+12,34.802414,3103.4368,23.99190645,26
1.71569E+12,33.378292,3103.510528,22.74749364,26
1.71569E+12,34.924717,3103.510528,24.0151497,26
1.71569E+12,33.312004,3104.37888,22.80862826,26
1.71569E+12,34.62818,3104.370688,24.03699702,26
1.71569E+12,34.016605,3104.407552,23.32768074,26
1.71569E+12,35.281174,3104.89088,24.54293782,26
1.71569E+12,33.31643,3105.087488,22.89816019,26
1.71569E+12,35.22457,3105.087488,24.48084417,26
1.71569E+12,33.709167,3105.36192,23.17552322,26
1.71569E+12,34.597004,3105.36192,23.96721044,26
1.71569E+12,34.232033,3105.406976,23.67107719,26
1.71569E+12,34.232033,3105.406976,23.67107719,27
1.71569E+12,33.519054,3105.406976,23.01882314,27
1.71569E+12,10.715185,3228.868608,5.818764723,27
1.71569E+12,34.46814,3232.272384,23.6583999,27
1.71569E+12,31.437891,3187.544064,21.18118412,27
1.71569E+12,34.69257,3193.708544,23.83376557,27
1.71569E+12,33.72582,3196.645376,23.0274254,27
1.71569E+12,34.906326,3197.329408,24.16496623,27
1.71569E+12,33.131046,3197.857792,22.79283792,27
1.71569E+12,35.33174,3198.6688,24.6813172,27
1.71569E+12,33.81017,3199.377408,23.28192731,27
1.71569E+12,35.367188,3199.377408,24.63102892,27
1.71569E+12,33.70389,3199.475712,23.18236182,27
1.71569E+12,35.034668,3199.475712,24.34075914,27
1.71569E+12,33.579597,3199.827968,23.1025683,27
1.71569E+12,34.91484,3199.827968,24.32746342,27
1.71569E+12,33.599228,3199.873024,23.13218173,27
1.71569E+12,34.991642,3200.1024,24.22494365,27
1.71569E+12,33.625637,3200.262144,23.01126355,27
1.71569E+12,35.140198,3200.262144,24.30907305,27
1.71569E+12,33.664772,3200.3072,23.00370127,27
1.71569E+12,34.598427,3200.3072,23.88437627,27
1.71569E+12,33.049175,3200.34816,22.63237861,27
1.71569E+12,34.3045,3200.34816,23.58726655,27
1.71569E+12,33.572895,3200.397312,22.9911345,27
1.71569E+12,33.736725,3200.397312,23.13244737,27
1.71569E+12,34.111195,3200.438272,23.50836253,27
1.71569E+12,33.419254,3200.483328,22.79159524,27
1.71569E+12,34.424873,3200.483328,23.89252345,27
1.71569E+12,33.39776,3200.524288,22.84098285,27
1.71569E+12,34.724,3200.524288,24.06459803,27
1.71569E+12,34.724,3200.524288,24.06459803,28
1.71569E+12,29.169619,3201.622016,19.1777186,28
1.71569E+12,15.244481,3323.011072,8.701511541,28
1.71569E+12,34.42581,3325.657088,23.69108113,28
1.71569E+12,31.864298,3282.550784,21.43635907,28
1.71569E+12,34.541508,3285.52448,23.75999438,28
1.71569E+12,33.40168,3288.694784,22.77235122,28
1.71569E+12,34.7063,3288.694784,24.04102162,28
1.71569E+12,33.53482,3289.64096,23.02835055,28
1.71569E+12,34.74965,3289.51808,24.06151671,28
1.71569E+12,33.532974,3290.038272,23.04331097,28
1.71569E+12,34.70247,3289.51808,24.11326972,28
1.71569E+12,33.81174,3290.35776,23.17692354,28
1.71569E+12,34.766045,3290.35776,24.3157436,28
1.71569E+12,33.862026,3290.443776,23.25355287,28
1.71569E+12,35.112396,3290.443776,24.44404415,28
1.71569E+12,33.28446,3290.497024,22.76241581,28
1.71569E+12,35.047447,3290.759168,24.33934108,28
1.71569E+12,33.161217,3290.800128,22.70618977,28
1.71569E+12,34.345512,3291.070464,23.67518014,28
1.71569E+12,33.35456,3290.853376,22.74984279,28
1.71569E+12,33.51966,3290.484736,22.83702378,28
1.71569E+12,34.387276,3290.525696,23.63347226,28
1.71569E+12,33.372017,3290.873856,22.63652473,28
1.71569E+12,34.706825,3291.049984,24.02084226,28
1.71569E+12,33.432354,3291.090944,22.82309893,28
1.71569E+12,34.84634,3291.353088,24.06371587,28
1.71569E+12,33.03526,3291.70944,22.43445433,28
1.71569E+12,34.38516,3291.70944,23.6836166,28
1.71569E+12,33.20473,3279.814656,22.61438022,28
1.71569E+12,34.381565,3281.154048,23.67065652,28
1.71569E+12,33.58464,3282.264064,22.91283451,28
1.71569E+12,34.94278,3282.264064,24.08332646,28
1.71569E+12,33.384586,3282.608128,22.92407705,28
1.71569E+12,34.739532,3283.1488,24.01960824,28
1.71569E+12,33.38911,3283.29216,22.87296345,28
1.71569E+12,34.84421,3283.29216,24.14107643,28
1.71569E+12,33.85949,3284.299776,23.28783834,28
1.71569E+12,34.851967,3284.299776,24.22322108,28
1.71569E+12,33.825047,3284.430848,23.27638139,28
1.71569E+12,35.090313,3284.697088,24.46998235,28
1.71569E+12,33.35662,3284.738048,22.89627605,28
1.71569E+12,34.949406,3284.738048,24.24334584,28
1.71569E+12,33.674786,3284.783104,23.13864092,28
1.71569E+12,33.674786,3284.783104,23.13864092,29
1.71569E+12,35.24564,3285.405696,,29
1.71569E+12,10.228632,3326.312448,5.548950198,29
1.71569E+12,33.617077,3413.807104,22.75763756,29
1.71569E+12,31.894958,3331.805184,21.46456136,29
1.71569E+12,34.322903,3376.295936,23.64297318,29
1.71569E+12,33.64727,3380.20352,23.00742127,29
1.71569E+12,34.98242,3380.9408,24.36529986,29
1.71569E+12,33.786835,3381.776384,23.18732387,29
1.71569E+12,35.394238,3382.755328,24.62240978,29
1.71569E+12,33.5424,3382.779904,23.05941947,29
1.71569E+12,35.098442,3382.870016,24.38266203,29
1.71569E+12,33.44644,3384.7296,22.98589411,29
1.71569E+12,35.123997,3384.7296,24.24308236,29
1.71569E+12,33.335472,3384.815616,22.79598224,29
1.71569E+12,35.068123,3385.085952,24.31287722,29
1.71569E+12,33.044754,3385.30304,22.70497746,29
1.71569E+12,34.686325,3385.204736,24.11631892,29
1.71569E+12,32.97335,3385.257984,22.55310899,29
1.71569E+12,34.67845,3385.83552,23.88548574,29
1.71569E+12,33.531235,3386.413056,22.86276743,29
1.71569E+12,34.829075,3386.413056,23.96781246,29
1.71569E+12,33.27353,3386.454016,22.70799937,29
1.71569E+12,34.5922,3386.454016,23.704437,29
1.71569E+12,33.10393,3386.494976,22.5323826,29
1.71569E+12,34.592037,3386.494976,23.88493239,29
1.71569E+12,33.348312,3386.540032,22.72875907,29
1.71569E+12,34.588734,3386.540032,23.99564102,29
1.71569E+12,33.207886,3386.580992,22.78582492,29
1.71569E+12,33.207886,3386.580992,22.78582492,30
1.71569E+12,34.58502,3386.580992,23.82392434,30
1.71569E+12,9.579631,3493.158912,5.133625407,30
1.71569E+12,34.060883,3510.095872,23.24911305,30
1.71569E+12,31.09388,3450.667008,20.92198865,30
1.71569E+12,34.399643,3470.00832,23.75106182,30
1.71569E+12,32.937366,3473.698816,22.52674107,30
1.71569E+12,35.138798,3473.969152,24.48939898,30
1.71569E+12,33.873478,3476.004864,23.27658209,30
1.71569E+12,35.06761,3476.50048,24.30905499,30
1.71569E+12,33.470516,3476.865024,22.95197572,30
1.71569E+12,34.93133,3477.065728,24.35726335,30
1.71569E+12,33.442097,3477.241856,22.9171492,30
1.71569E+12,34.910374,3477.446656,24.19397293,30
1.71569E+12,33.20779,3477.757952,22.70358547,30
1.71569E+12,35.10036,3478.028288,24.3493183,30
1.71569E+12,32.90079,3478.069248,22.44759753,30
1.71569E+12,34.497314,3478.069248,23.83188807,30
1.71569E+12,33.06318,3478.183936,22.6227307,30
1.71569E+12,34.50371,3478.183936,23.82444374,30
1.71569E+12,32.54616,3478.2208,22.12472935,30
1.71569E+12,34.576878,3478.60992,23.81626768,30
1.71569E+12,33.19446,3478.65088,22.64855109,30
1.71569E+12,34.711857,3478.65088,23.95715652,30
1.71569E+12,33.2779,3478.69184,22.78125814,30
1.71569E+12,34.637375,3478.69184,23.85666825,30
1.71569E+12,33.05827,3479.003136,22.63324272,30
1.71569E+12,33.05827,3479.003136,22.63324272,31
1.71569E+12,34.718292,3479.003136,24.08391059,31
1.71569E+12,9.18579,3577.294848,4.929332767,31
1.71569E+12,34.459156,3602.223104,23.50846182,31
1.71569E+12,31.599586,3519.93856,21.10335092,31
1.71569E+12,34.54685,3562.737664,23.85971134,31
1.71569E+12,33.161182,3566.931968,22.56236678,31
1.71569E+12,34.976315,3567.198208,24.34322637,31
1.71569E+12,33.423405,3568.3328,22.99197045,31
1.71569E+12,35.179447,3568.996352,24.41803951,31
1.71569E+12,33.49156,3569.176576,22.96332631,31
1.71569E+12,34.89717,3569.299456,24.35049041,31
1.71569E+12,33.995342,3570.008064,23.35214203,31
1.71569E+12,34.954563,3570.008064,24.39434255,31
1.71569E+12,33.504295,3570.09408,22.9791498,31
1.71569E+12,34.71344,3570.09408,24.08486328,31
1.71569E+12,33.563187,3570.479104,22.99475506,31
1.71569E+12,34.67023,3570.479104,23.95296459,31
1.71569E+12,33.35053,3570.540544,22.78114819,31
1.71569E+12,34.580276,3570.540544,23.82784832,31
1.71569E+12,33.4666,3570.581504,22.85410954,31
1.71569E+12,34.981873,3570.581504,24.24132141,31
1.71569E+12,33.04024,3570.630656,22.61139901,31
1.71569E+12,34.419735,3570.630656,23.72867581,31
1.71569E+12,32.89248,3570.671616,22.39884401,31
1.71569E+12,34.239162,3570.671616,23.47484227,31
1.71569E+12,33.324768,3570.712576,22.72301564,31
1.71569E+12,34.777866,3572.3264,23.92074372,31
1.71569E+12,33.423473,3572.36736,22.91901213,31
1.71569E+12,34.274685,3572.445184,23.42531411,31
1.71569E+12,34.253647,3572.486144,23.53966753,31
1.71569E+12,34.253647,3572.486144,23.53966753,32
1.71569E+12,33.831486,3572.486144,23.21619231,32
1.71569E+12,10.007539,3688.935424,5.375714588,32
1.71569E+12,34.22956,3696.14848,23.37503337,32
1.71569E+12,31.45513,3650.482176,21.16818432,32
1.71569E+12,34.979187,3657.220096,24.14799544,32
1.71569E+12,33.552124,3661.39392,22.9674623,32
1.71569E+12,34.69727,3662.041088,23.97461613,32
1.71569E+12,33.28007,3662.630912,22.82700255,32
1.71569E+12,34.688538,3662.630912,24.16491499,32
1.71569E+12,33.25931,3663.015936,22.83078233,32
1.71569E+12,34.97474,3663.015936,24.35839136,32
1.71569E+12,33.777264,3663.31904,23.28142989,32
1.71569E+12,35.40886,3663.233024,,32
1.71569E+12,33.461365,3664.277504,23.00918045,32
1.71569E+12,34.94834,3664.277504,24.2723909,32
1.71569E+12,33.301323,3666.874368,22.81014476,32
1.71569E+12,34.53288,3666.86208,23.93238839,32
1.71569E+12,33.20779,3666.833408,22.72251923,32
1.71569E+12,34.668373,3666.653184,24.01256085,32
1.71569E+12,33.066734,3647.152128,22.59667899,32
1.71569E+12,34.527622,3652.85376,23.70618548,32
1.71569E+12,33.172585,3657.244672,22.66994888,32
1.71569E+12,34.329407,3658.620928,23.76422834,32
1.71569E+12,33.39126,3658.81344,22.8027243,32
1.71569E+12,33.625675,3658.81344,23.02293961,32
1.71569E+12,33.744537,3659.10016,23.09973126,32
1.71569E+12,33.744537,3659.10016,23.09973126,33
1.71569E+12,33.44666,3660.255232,22.88556375,33
1.71569E+12,10.01006,3782.61504,5.378812214,33
1.71569E+12,34.1961,3791.638528,23.35740046,33
1.71569E+12,31.365171,3797.684224,20.99250348,33
1.71569E+12,34.471096,3798.089728,23.73055436,33
1.71569E+12,33.17605,3798.827008,22.56039294,33
1.71569E+12,34.84352,3798.769664,23.9887162,33
1.71569E+12,33.14134,3799.20384,22.68256331,33
1.71569E+12,35.018654,3799.384064,24.39856282,33
1.71569E+12,33.68076,3748.970496,23.13214901,33
1.71569E+12,35.065434,3749.998592,24.43478033,33
1.71569E+12,33.071415,3750.674432,22.85962509,33
1.71569E+12,35.301704,3750.940672,24.52089784,33
1.71569E+12,33.53978,3751.829504,23.01558677,33
1.71569E+12,34.81102,3751.829504,24.22947136,33
1.71569E+12,33.23305,3751.960576,22.80231313,33
1.71569E+12,34.572014,3751.960576,23.94398354,33
1.71569E+12,32.727734,3753.091072,22.27651611,33
1.71569E+12,34.83139,3753.091072,24.10755834,33
1.71569E+12,33.063282,3753.132032,22.5989966,33
1.71569E+12,34.43637,3753.054208,23.77930997,33
1.71569E+12,32.630844,3753.095168,22.20344643,33
1.71569E+12,34.71085,3753.095168,23.88840077,33
1.71569E+12,33.44488,3753.668608,22.78439772,33
1.71569E+12,33.932224,3754.307584,23.28364691,33
1.71569E+12,33.53882,3754.356736,22.89485311,33
1.71569E+12,33.447662,3754.35264,22.98186673,33
1.71569E+12,34.16252,3754.364928,23.54655201,33
1.71569E+12,33.237217,3754.405888,22.57976781,33
1.71569E+12,34.34697,3754.405888,23.79066274,33
1.71569E+12,34.34697,3754.405888,23.79066274,34
1.71569E+12,30.333733,3755.290624,20.1844133,34
1.71569E+12,12.629725,3880.93952,7.030597353,34
1.71569E+12,34.211365,3885.2608,23.43041367,34
1.71569E+12,31.601566,3841.814528,21.25472747,34
1.71569E+12,34.45523,3846.2464,23.73305854,34
1.71569E+12,33.851234,3850.0352,23.12697685,34
1.71569E+12,34.429977,3851.186176,23.93720217,34
1.71569E+12,33.252396,3852.189696,22.81241597,34
1.71569E+12,35.27247,3851.747328,24.55318301,34
1.71569E+12,33.44,3851.321344,22.98883969,34
1.71569E+12,35.22223,3851.190272,24.57947994,34
1.71569E+12,33.295166,3850.91584,22.92099859,34
1.71569E+12,35.019608,3851.046912,24.38251907,34
1.71569E+12,33.480488,3851.239424,22.96953844,34
1.71569E+12,34.31303,3851.03872,23.95483571,34
1.71569E+12,33.59455,3850.0352,23.1742285,34
1.71569E+12,34.974293,3850.0352,24.34547788,34
1.71569E+12,33.12782,3849.691136,22.70605167,34
1.71569E+12,34.763615,3849.37984,23.97645877,34
1.71569E+12,33.132683,3849.351168,22.66659975,34
1.71569E+12,34.519325,3849.285632,23.92218306,34
1.71569E+12,33.07162,3849.342976,22.61729992,34
1.71569E+12,34.230522,3849.330688,23.55138826,34
1.71569E+12,33.838646,3849.375744,23.16330064,34
1.71569E+12,33.757343,3849.375744,23.06867163,34
1.71569E+12,33.72322,3849.416704,23.24557799,34
1.71569E+12,32.90937,3849.6256,22.56996925,34
1.71569E+12,34.912735,3850.063872,24.13409978,34
1.71569E+12,33.111565,3850.518528,22.62006406,34
1.71569E+12,34.61514,3850.518528,23.99030386,34
1.71569E+12,33.204433,3850.530816,22.72798079,34
1.71569E+12,34.314972,3850.42432,23.74080886,34
1.71569E+12,32.44782,3852.079104,22.20418644,34
1.71569E+12,34.703957,3852.079104,23.89256151,34
1.71569E+12,32.966473,3852.120064,22.52591031,34
1.71569E+12,34.86876,3852.3904,24.18128642,35
1.71569E+12,24.090076,3864.633344,15.14406419,35
1.71569E+12,17.442007,3986.24768,10.29940785,35
1.71569E+12,29.347198,3957.690368,20.45919634,35
1.71569E+12,33.45111,3947.712512,24.11263648,35
1.71569E+12,33.68121,3947.15136,23.26786875,35
1.71569E+12,35.13965,3944.726528,24.57135489,35
1.71569E+12,33.868576,3944.259584,23.27921792,35
1.71569E+12,35.263596,3944.259584,24.69043096,35
1.71569E+12,33.503902,3943.804928,23.05662746,35
1.71569E+12,34.757195,3943.13728,24.30649268,35
1.71569E+12,33.207207,3942.670336,22.71891039,35
1.71569E+12,34.40443,3942.477824,23.90493208,35
1.71569E+12,33.3828,3942.555648,22.88968835,35
1.71569E+12,34.674305,3942.961152,,35
1.71569E+12,33.341892,3943.54688,22.76626046,35
1.71569E+12,34.55679,3943.54688,23.99384945,35
1.71569E+12,33.122986,3943.563264,22.71653135,35
1.71569E+12,34.643497,3943.780352,23.98000238,35
1.71569E+12,33.386982,3944.169472,22.73358131,35
1.71569E+12,34.843227,3944.116224,24.16753081,35
1.71569E+12,32.903717,3944.157184,22.57614413,35
1.71569E+12,34.524426,3943.944192,23.81669254,35
1.71569E+12,33.64629,3944.103936,23.13178657,35
1.71569E+12,33.333336,3944.026112,22.80611207,35
1.71569E+12,34.14245,3944.01792,23.51238967,35
1.71569E+12,32.91566,3943.97696,22.5834099,35
1.71569E+12,35.06996,3943.97696,24.38357368,35
1.71569E+12,33.36104,3944.01792,22.88637446,35
1.71569E+12,34.700397,3924.381696,24.07982311,35
1.71569E+12,33.307846,3933.274112,22.80973526,35
